﻿<?xml version="1.0" encoding="utf-8"?>
<TimedSequenceEditorForm.ToolStripStates xmlns:i="http://www.w3.org/2001/XMLSchema-instance" xmlns="http://schemas.datacontract.org/2004/07/VixenModules.Editor.TimedSequenceEditor">
	<States xmlns:d2p1="http://schemas.microsoft.com/2003/10/Serialization/Arrays">
		<d2p1:KeyValueOfstringArrayOfKeyValueOfstringbooleanty7Ep6D1>
			<d2p1:Key>toolStripColorLibrary</d2p1:Key>
			<d2p1:Value />
		</d2p1:KeyValueOfstringArrayOfKeyValueOfstringbooleanty7Ep6D1>
		<d2p1:KeyValueOfstringArrayOfKeyValueOfstringbooleanty7Ep6D1>
			<d2p1:Key>toolStripCurveLibrary</d2p1:Key>
			<d2p1:Value />
		</d2p1:KeyValueOfstringArrayOfKeyValueOfstringbooleanty7Ep6D1>
		<d2p1:KeyValueOfstringArrayOfKeyValueOfstringbooleanty7Ep6D1>
			<d2p1:Key>toolStripGradientLibrary</d2p1:Key>
			<d2p1:Value />
		</d2p1:KeyValueOfstringArrayOfKeyValueOfstringbooleanty7Ep6D1>
	</States>
</TimedSequenceEditorForm.ToolStripStates>