﻿<?xml version="1.0" encoding="utf-8"?>
<VixenApplicationData>
  <DataFormatVersion>3</DataFormatVersion>
  <RecentSequences>
    <SequenceFile>C:\Users\willi\Documents\Vixen 3\Sequence\joy2019.tim</SequenceFile>
    <SequenceFile>C:\Users\willi\Documents\Vixen 3\Sequence\overture2018.tim</SequenceFile>
    <SequenceFile>C:\Users\willi\Documents\Vixen 3\Sequence\o_come_all_ye_faithful_2019.tim</SequenceFile>
    <SequenceFile>C:\Users\willi\Documents\Vixen 3\Sequence\hark2018.tim</SequenceFile>
    <SequenceFile>C:\Users\willi\Documents\Vixen 3\Sequence\very_first_christmas_2018.tim</SequenceFile>
    <SequenceFile>C:\Users\willi\Documents\Vixen 3\Sequence\joy to the world_2018.tim</SequenceFile>
    <SequenceFile></SequenceFile>
    <SequenceFile>C:\Users\willi\Documents\Vixen 3\Sequence\helloee.tim</SequenceFile>
    <SequenceFile>C:\Users\willi\Documents\Vixen 3\Sequence\david guetta.tim</SequenceFile>
    <SequenceFile>C:\Users\willi\Documents\Vixen 3\Sequence\angels2018.tim</SequenceFile>
  </RecentSequences>
  <FilterShapePositions />
  <FilterSetupFormHighQualityRendering value="false" />
</VixenApplicationData>