﻿<?xml version="1.0" encoding="utf-8"?>
<TimedSequenceEditorForm.ToolStripStates xmlns:i="http://www.w3.org/2001/XMLSchema-instance" xmlns="http://schemas.datacontract.org/2004/07/VixenModules.Editor.TimedSequenceEditor">
	<States xmlns:d2p1="http://schemas.microsoft.com/2003/10/Serialization/Arrays">
		<d2p1:KeyValueOfstringArrayOfKeyValueOfstringbooleanty7Ep6D1>
			<d2p1:Key>toolStripAlignment</d2p1:Key>
			<d2p1:Value>
				<d2p1:KeyValueOfstringboolean>
					<d2p1:Key>alignmentToolStripButton_CloseGaps</d2p1:Key>
					<d2p1:Value>false</d2p1:Value>
				</d2p1:KeyValueOfstringboolean>
				<d2p1:KeyValueOfstringboolean>
					<d2p1:Key>alignmentToolStripDropDownButton_CloseGaps</d2p1:Key>
					<d2p1:Value>false</d2p1:Value>
				</d2p1:KeyValueOfstringboolean>
				<d2p1:KeyValueOfstringboolean>
					<d2p1:Key>alignmentToolStripDropDownButton_AlignTo</d2p1:Key>
					<d2p1:Value>false</d2p1:Value>
				</d2p1:KeyValueOfstringboolean>
				<d2p1:KeyValueOfstringboolean>
					<d2p1:Key>alignmentToolStripButton_Start</d2p1:Key>
					<d2p1:Value>false</d2p1:Value>
				</d2p1:KeyValueOfstringboolean>
				<d2p1:KeyValueOfstringboolean>
					<d2p1:Key>alignmentToolStripButton_End</d2p1:Key>
					<d2p1:Value>false</d2p1:Value>
				</d2p1:KeyValueOfstringboolean>
				<d2p1:KeyValueOfstringboolean>
					<d2p1:Key>alignmentToolStripButton_Both</d2p1:Key>
					<d2p1:Value>false</d2p1:Value>
				</d2p1:KeyValueOfstringboolean>
				<d2p1:KeyValueOfstringboolean>
					<d2p1:Key>alignmentToolStripButton_Distribute</d2p1:Key>
					<d2p1:Value>false</d2p1:Value>
				</d2p1:KeyValueOfstringboolean>
			</d2p1:Value>
		</d2p1:KeyValueOfstringArrayOfKeyValueOfstringbooleanty7Ep6D1>
		<d2p1:KeyValueOfstringArrayOfKeyValueOfstringbooleanty7Ep6D1>
			<d2p1:Key>toolStripAudio</d2p1:Key>
			<d2p1:Value>
				<d2p1:KeyValueOfstringboolean>
					<d2p1:Key>toolStripButton_AssociateAudio</d2p1:Key>
					<d2p1:Value>true</d2p1:Value>
				</d2p1:KeyValueOfstringboolean>
				<d2p1:KeyValueOfstringboolean>
					<d2p1:Key>toolStripButton_DecreaseTimingSpeed</d2p1:Key>
					<d2p1:Value>true</d2p1:Value>
				</d2p1:KeyValueOfstringboolean>
				<d2p1:KeyValueOfstringboolean>
					<d2p1:Key>audioToolStripLabel_TimingSpeed</d2p1:Key>
					<d2p1:Value>true</d2p1:Value>
				</d2p1:KeyValueOfstringboolean>
				<d2p1:KeyValueOfstringboolean>
					<d2p1:Key>toolStripButton_IncreaseTimingSpeed</d2p1:Key>
					<d2p1:Value>true</d2p1:Value>
				</d2p1:KeyValueOfstringboolean>
				<d2p1:KeyValueOfstringboolean>
					<d2p1:Key>audioToolStripButton_Audio_Devices</d2p1:Key>
					<d2p1:Value>true</d2p1:Value>
				</d2p1:KeyValueOfstringboolean>
			</d2p1:Value>
		</d2p1:KeyValueOfstringArrayOfKeyValueOfstringbooleanty7Ep6D1>
		<d2p1:KeyValueOfstringArrayOfKeyValueOfstringbooleanty7Ep6D1>
			<d2p1:Key>toolStripEffects</d2p1:Key>
			<d2p1:Value />
		</d2p1:KeyValueOfstringArrayOfKeyValueOfstringbooleanty7Ep6D1>
		<d2p1:KeyValueOfstringArrayOfKeyValueOfstringbooleanty7Ep6D1>
			<d2p1:Key>toolStripFile</d2p1:Key>
			<d2p1:Value>
				<d2p1:KeyValueOfstringboolean>
					<d2p1:Key>fileToolStripButton_Save</d2p1:Key>
					<d2p1:Value>false</d2p1:Value>
				</d2p1:KeyValueOfstringboolean>
				<d2p1:KeyValueOfstringboolean>
					<d2p1:Key>fileToolStripButton_SaveAs</d2p1:Key>
					<d2p1:Value>false</d2p1:Value>
				</d2p1:KeyValueOfstringboolean>
				<d2p1:KeyValueOfstringboolean>
					<d2p1:Key>fileToolStripButton_AutoSave</d2p1:Key>
					<d2p1:Value>false</d2p1:Value>
				</d2p1:KeyValueOfstringboolean>
				<d2p1:KeyValueOfstringboolean>
					<d2p1:Key>fileToolStripButton_Export</d2p1:Key>
					<d2p1:Value>false</d2p1:Value>
				</d2p1:KeyValueOfstringboolean>
				<d2p1:KeyValueOfstringboolean>
					<d2p1:Key>fileToolStripButton_Close</d2p1:Key>
					<d2p1:Value>false</d2p1:Value>
				</d2p1:KeyValueOfstringboolean>
			</d2p1:Value>
		</d2p1:KeyValueOfstringArrayOfKeyValueOfstringbooleanty7Ep6D1>
		<d2p1:KeyValueOfstringArrayOfKeyValueOfstringbooleanty7Ep6D1>
			<d2p1:Key>toolStripView</d2p1:Key>
			<d2p1:Value>
				<d2p1:KeyValueOfstringboolean>
					<d2p1:Key>viewToolStripButton_ZoomTimeIn</d2p1:Key>
					<d2p1:Value>true</d2p1:Value>
				</d2p1:KeyValueOfstringboolean>
				<d2p1:KeyValueOfstringboolean>
					<d2p1:Key>viewToolStripButton_ZoomTimeOut</d2p1:Key>
					<d2p1:Value>true</d2p1:Value>
				</d2p1:KeyValueOfstringboolean>
				<d2p1:KeyValueOfstringboolean>
					<d2p1:Key>viewToolStripButton_ZoomRowIn</d2p1:Key>
					<d2p1:Value>true</d2p1:Value>
				</d2p1:KeyValueOfstringboolean>
				<d2p1:KeyValueOfstringboolean>
					<d2p1:Key>viewToolStripButton_ZoomRowOut</d2p1:Key>
					<d2p1:Value>true</d2p1:Value>
				</d2p1:KeyValueOfstringboolean>
			</d2p1:Value>
		</d2p1:KeyValueOfstringArrayOfKeyValueOfstringbooleanty7Ep6D1>
		<d2p1:KeyValueOfstringArrayOfKeyValueOfstringbooleanty7Ep6D1>
			<d2p1:Key>toolStripEdit</d2p1:Key>
			<d2p1:Value>
				<d2p1:KeyValueOfstringboolean>
					<d2p1:Key>editToolStripButton_Undo</d2p1:Key>
					<d2p1:Value>true</d2p1:Value>
				</d2p1:KeyValueOfstringboolean>
				<d2p1:KeyValueOfstringboolean>
					<d2p1:Key>editToolStripButton_Redo</d2p1:Key>
					<d2p1:Value>true</d2p1:Value>
				</d2p1:KeyValueOfstringboolean>
				<d2p1:KeyValueOfstringboolean>
					<d2p1:Key>editToolStripButton_Cut</d2p1:Key>
					<d2p1:Value>true</d2p1:Value>
				</d2p1:KeyValueOfstringboolean>
				<d2p1:KeyValueOfstringboolean>
					<d2p1:Key>editToolStripButton_Copy</d2p1:Key>
					<d2p1:Value>true</d2p1:Value>
				</d2p1:KeyValueOfstringboolean>
				<d2p1:KeyValueOfstringboolean>
					<d2p1:Key>editToolStripButton_Paste</d2p1:Key>
					<d2p1:Value>true</d2p1:Value>
				</d2p1:KeyValueOfstringboolean>
				<d2p1:KeyValueOfstringboolean>
					<d2p1:Key>editToolStripButton_PasteDropDown</d2p1:Key>
					<d2p1:Value>true</d2p1:Value>
				</d2p1:KeyValueOfstringboolean>
			</d2p1:Value>
		</d2p1:KeyValueOfstringArrayOfKeyValueOfstringbooleanty7Ep6D1>
		<d2p1:KeyValueOfstringArrayOfKeyValueOfstringbooleanty7Ep6D1>
			<d2p1:Key>toolStripTools</d2p1:Key>
			<d2p1:Value>
				<d2p1:KeyValueOfstringboolean>
					<d2p1:Key>toolsToolStripButton_LipSync</d2p1:Key>
					<d2p1:Value>false</d2p1:Value>
				</d2p1:KeyValueOfstringboolean>
				<d2p1:KeyValueOfstringboolean>
					<d2p1:Key>toolsToolStripButton_CurveLibrary</d2p1:Key>
					<d2p1:Value>false</d2p1:Value>
				</d2p1:KeyValueOfstringboolean>
				<d2p1:KeyValueOfstringboolean>
					<d2p1:Key>toolsToolStripButton_ColorLibrary</d2p1:Key>
					<d2p1:Value>false</d2p1:Value>
				</d2p1:KeyValueOfstringboolean>
				<d2p1:KeyValueOfstringboolean>
					<d2p1:Key>toolsToolStripButton_ColorGradient</d2p1:Key>
					<d2p1:Value>false</d2p1:Value>
				</d2p1:KeyValueOfstringboolean>
			</d2p1:Value>
		</d2p1:KeyValueOfstringArrayOfKeyValueOfstringbooleanty7Ep6D1>
		<d2p1:KeyValueOfstringArrayOfKeyValueOfstringbooleanty7Ep6D1>
			<d2p1:Key>toolStripMode</d2p1:Key>
			<d2p1:Value>
				<d2p1:KeyValueOfstringboolean>
					<d2p1:Key>modeToolStripButton_DrawMode</d2p1:Key>
					<d2p1:Value>true</d2p1:Value>
				</d2p1:KeyValueOfstringboolean>
				<d2p1:KeyValueOfstringboolean>
					<d2p1:Key>modeToolStripButton_SelectionMode</d2p1:Key>
					<d2p1:Value>true</d2p1:Value>
				</d2p1:KeyValueOfstringboolean>
				<d2p1:KeyValueOfstringboolean>
					<d2p1:Key>modeToolStripButton_SnapTo</d2p1:Key>
					<d2p1:Value>true</d2p1:Value>
				</d2p1:KeyValueOfstringboolean>
				<d2p1:KeyValueOfstringboolean>
					<d2p1:Key>modeToolStripDropDownButton_SnapToStrength</d2p1:Key>
					<d2p1:Value>true</d2p1:Value>
				</d2p1:KeyValueOfstringboolean>
				<d2p1:KeyValueOfstringboolean>
					<d2p1:Key>modeToolStripButton_DragBoxFilter</d2p1:Key>
					<d2p1:Value>true</d2p1:Value>
				</d2p1:KeyValueOfstringboolean>
				<d2p1:KeyValueOfstringboolean>
					<d2p1:Key>modeToolStripDropDownButton_DragBoxFilter</d2p1:Key>
					<d2p1:Value>true</d2p1:Value>
				</d2p1:KeyValueOfstringboolean>
			</d2p1:Value>
		</d2p1:KeyValueOfstringArrayOfKeyValueOfstringbooleanty7Ep6D1>
		<d2p1:KeyValueOfstringArrayOfKeyValueOfstringbooleanty7Ep6D1>
			<d2p1:Key>toolStripPlayBack</d2p1:Key>
			<d2p1:Value>
				<d2p1:KeyValueOfstringboolean>
					<d2p1:Key>playBackToolStripButton_Start</d2p1:Key>
					<d2p1:Value>true</d2p1:Value>
				</d2p1:KeyValueOfstringboolean>
				<d2p1:KeyValueOfstringboolean>
					<d2p1:Key>playBackToolStripButton_Play</d2p1:Key>
					<d2p1:Value>true</d2p1:Value>
				</d2p1:KeyValueOfstringboolean>
				<d2p1:KeyValueOfstringboolean>
					<d2p1:Key>playBackToolStripButton_Stop</d2p1:Key>
					<d2p1:Value>true</d2p1:Value>
				</d2p1:KeyValueOfstringboolean>
				<d2p1:KeyValueOfstringboolean>
					<d2p1:Key>playBackToolStripButton_End</d2p1:Key>
					<d2p1:Value>true</d2p1:Value>
				</d2p1:KeyValueOfstringboolean>
				<d2p1:KeyValueOfstringboolean>
					<d2p1:Key>playBackToolStripButton_Loop</d2p1:Key>
					<d2p1:Value>true</d2p1:Value>
				</d2p1:KeyValueOfstringboolean>
			</d2p1:Value>
		</d2p1:KeyValueOfstringArrayOfKeyValueOfstringbooleanty7Ep6D1>
	</States>
</TimedSequenceEditorForm.ToolStripStates>